{"loss": 3.1086639960606894, "inference_latency_1": 789.1383203231209, "inference_latency_12": 5157.072782461888, "training_throughput_4": 98426.2433862919, "training_throughput_12": 111773.48791835745}