{"loss": 2.9300222794214883, "inference_latency_1": 116.45970405410526, "inference_latency_12": 1365.1433889998177, "training_throughput_4": 13.995940003346904, "training_throughput_12": 16.414836060358308}